Subject_ID,Site_ID,Raw_AE_Description
SUB-101,101,"severe head ache and dizzy"
SUB-102,101,"throwin up after medication"
SUB-103,102,"high fevor and chills"
SUB-104,102,"pain in stomach region"
SUB-105,103,"skin rash all over chest"
SUB-106,103,"feeling very tired and sleepy"
SUB-107,104,"mild nausea in morning"
SUB-108,104,"bad coughing and cold"
SUB-109,105,"joint pain in knees"
SUB-110,105,"cant sleep at night insomnia"
SUB-111,106,"throbbing headache behind eyes"
SUB-112,106,"stomach ache after eating"
SUB-113,107,"elevated temp and fever"
SUB-114,107,"dizziness upon standing"
SUB-115,108,"unidentified patient complaint"